{
  "clientId": "simple-bills",
  "name": "",
  "description": "",
  "rootUrl": "https://simple-bills-lukaszse.cloud.okteto.net",
  "adminUrl": "",
  "baseUrl": "/",
  "surrogateAuthRequired": false,
  "enabled": true,
  "alwaysDisplayInConsole": false,
  "clientAuthenticatorType": "client-secret",
  "redirectUris": [
    "/auth/redirect/",
    "/"
  ],
  "webOrigins": [
    "+"
  ],
  "notBefore": 0,
  "bearerOnly": false,
  "consentRequired": false,
  "standardFlowEnabled": true,
  "implicitFlowEnabled": false,
  "directAccessGrantsEnabled": false,
  "serviceAccountsEnabled": false,
  "publicClient": true,
  "frontchannelLogout": false,
  "protocol": "openid-connect",
  "attributes": {
    "saml.assertion.signature": "false",
    "saml.force.post.binding": "false",
    "saml.multivalued.roles": "false",
    "saml.encrypt": "false",
    "post.logout.redirect.uris": "+",
    "oauth2.device.authorization.grant.enabled": "false",
    "saml.server.signature": "false",
    "backchannel.logout.revoke.offline.tokens": "false",
    "saml.server.signature.keyinfo.ext": "false",
    "exclude.session.state.from.auth.response": "false",
    "oidc.ciba.grant.enabled": "false",
    "backchannel.logout.session.required": "true",
    "saml_force_name_id_format": "false",
    "saml.client.signature": "false",
    "tls.client.certificate.bound.access.tokens": "false",
    "saml.authnstatement": "false",
    "display.on.consent.screen": "false",
    "saml.onetimeuse.condition": "false"
  },
  "authenticationFlowBindingOverrides": {},
  "fullScopeAllowed": true,
  "nodeReRegistrationTimeout": -1,
  "defaultClientScopes": [
    "profile"
  ],
  "optionalClientScopes": [
    "web-origins",
    "address",
    "read",
    "phone",
    "roles",
    "offline_access",
    "microprofile-jwt",
    "write",
    "email"
  ],
  "access": {
    "view": true,
    "configure": true,
    "manage": true
  }
}